{
  "timestamp": "2026-04-09T23:59:53.839061",
  "pid": 98397,
  "uptime_sec": 2789400.305460875,
  "recovery_count": 0
}