{
  "timestamp": "2026-04-05T22:38:34.586785",
  "pid": 68373,
  "uptime_sec": 2438922.878999916,
  "recovery_count": 0
}